-- phpMyAdmin SQL Dump
-- version 5.2.1
-- https://www.phpmyadmin.net/
--
-- Host: 127.0.0.1
-- Generation Time: Dec 11, 2024 at 10:34 AM
-- Server version: 10.4.32-MariaDB
-- PHP Version: 8.2.12

SET SQL_MODE = "NO_AUTO_VALUE_ON_ZERO";
START TRANSACTION;
SET time_zone = "+00:00";


/*!40101 SET @OLD_CHARACTER_SET_CLIENT=@@CHARACTER_SET_CLIENT */;
/*!40101 SET @OLD_CHARACTER_SET_RESULTS=@@CHARACTER_SET_RESULTS */;
/*!40101 SET @OLD_COLLATION_CONNECTION=@@COLLATION_CONNECTION */;
/*!40101 SET NAMES utf8mb4 */;

--
-- Database: `joblistdb`
--

-- --------------------------------------------------------

--
-- Table structure for table `tblapplicants`
--

CREATE TABLE `tblapplicants` (
  `APPLICANTID` int(11) NOT NULL,
  `FNAME` varchar(90) NOT NULL,
  `LNAME` varchar(90) NOT NULL,
  `MNAME` varchar(90) NOT NULL,
  `ADDRESS` varchar(255) NOT NULL,
  `SEX` varchar(11) NOT NULL,
  `CIVILSTATUS` varchar(30) NOT NULL,
  `BIRTHDATE` date NOT NULL,
  `BIRTHPLACE` varchar(255) NOT NULL,
  `AGE` int(2) NOT NULL,
  `USERNAME` varchar(90) NOT NULL,
  `PASS` varchar(90) NOT NULL,
  `EMAILADDRESS` varchar(90) NOT NULL,
  `CONTACTNO` varchar(90) NOT NULL,
  `DEGREE` text NOT NULL,
  `APPLICANTPHOTO` varchar(255) NOT NULL,
  `NATIONALID` varchar(255) NOT NULL
) ENGINE=InnoDB DEFAULT CHARSET=latin1 COLLATE=latin1_swedish_ci;

--
-- Dumping data for table `tblapplicants`
--

INSERT INTO `tblapplicants` (`APPLICANTID`, `FNAME`, `LNAME`, `MNAME`, `ADDRESS`, `SEX`, `CIVILSTATUS`, `BIRTHDATE`, `BIRTHPLACE`, `AGE`, `USERNAME`, `PASS`, `EMAILADDRESS`, `CONTACTNO`, `DEGREE`, `APPLICANTPHOTO`, `NATIONALID`) VALUES
(2018013, 'Kim', 'Domingo', 'Enoe', 'Kab City', 'Female', 'none', '1991-01-01', 'Kab Citys', 27, 'kim', 'a6312121e15caec74845b7ba5af23330d52d4ac0', 'kim@y.com', '5415456', 'BSAC', 'photos/RobloxScreenShot20180406_203758793.png', ''),
(2018014, 'Jake', 'Zyrus', 'Ilmba', 'Kab City', 'Female', 'none', '1993-01-16', 'Kab City', 25, 'jake', 'c8d99c2f7cd5f432c163abcd422672b9f77550bb', 'jake@y.com', '14655623123123', 'BSIT', '', ''),
(2018015, 'Janry', 'Tan', 'Lim', 'brgy 1 Kab City', 'Female', 'Single', '1992-01-30', 'Kab City', 26, 'janry', '1dd4efc811372cd1efe855981a8863d10ddde1ca', 'jan@gmail.com', '0234234', 'BSIT', '', '');

-- --------------------------------------------------------

--
-- Table structure for table `tblattachmentfile`
--

CREATE TABLE `tblattachmentfile` (
  `ID` int(11) NOT NULL,
  `FILEID` varchar(30) DEFAULT NULL,
  `JOBID` int(11) NOT NULL,
  `FILE_NAME` varchar(90) NOT NULL,
  `FILE_LOCATION` varchar(255) NOT NULL,
  `USERATTACHMENTID` int(11) NOT NULL
) ENGINE=InnoDB DEFAULT CHARSET=latin1 COLLATE=latin1_swedish_ci;

--
-- Dumping data for table `tblattachmentfile`
--

INSERT INTO `tblattachmentfile` (`ID`, `FILEID`, `JOBID`, `FILE_NAME`, `FILE_LOCATION`, `USERATTACHMENTID`) VALUES
(2, '2147483647', 2, 'Resume', 'photos/27052018124027PLATENO FE95483.docx', 2018013);

-- --------------------------------------------------------

--
-- Table structure for table `tblautonumbers`
--

CREATE TABLE `tblautonumbers` (
  `AUTOID` int(11) NOT NULL,
  `AUTOSTART` varchar(30) NOT NULL,
  `AUTOEND` int(11) NOT NULL,
  `AUTOINC` int(11) NOT NULL,
  `AUTOKEY` varchar(30) NOT NULL
) ENGINE=InnoDB DEFAULT CHARSET=latin1 COLLATE=latin1_swedish_ci;

--
-- Dumping data for table `tblautonumbers`
--

INSERT INTO `tblautonumbers` (`AUTOID`, `AUTOSTART`, `AUTOEND`, `AUTOINC`, `AUTOKEY`) VALUES
(1, '02983', 7, 1, 'userid'),
(2, '000', 78, 1, 'employeeid'),
(3, '0', 16, 1, 'APPLICANT'),
(4, '69125', 29, 1, 'FILEID');

-- --------------------------------------------------------

--
-- Table structure for table `tblcategory`
--

CREATE TABLE `tblcategory` (
  `CATEGORYID` int(11) NOT NULL,
  `CATEGORY` varchar(250) NOT NULL
) ENGINE=InnoDB DEFAULT CHARSET=latin1 COLLATE=latin1_swedish_ci;

--
-- Dumping data for table `tblcategory`
--

INSERT INTO `tblcategory` (`CATEGORYID`, `CATEGORY`) VALUES
(10, 'Technology'),
(11, 'Managerial'),
(12, 'Engineer'),
(13, 'IT'),
(14, 'Civil Engineer'),
(15, 'HR'),
(23, 'Sales'),
(24, 'Banking'),
(25, 'Finance'),
(26, 'BPO'),
(27, 'Degital Marketing'),
(28, 'Shipping');

-- --------------------------------------------------------

--
-- Table structure for table `tblcompany`
--

CREATE TABLE `tblcompany` (
  `COMPANYID` int(11) NOT NULL,
  `COMPANYNAME` varchar(90) NOT NULL,
  `COMPANYADDRESS` varchar(90) NOT NULL,
  `COMPANYCONTACTNO` varchar(30) NOT NULL,
  `COMPANYSTATUS` varchar(90) NOT NULL,
  `COMPANYMISSION` text NOT NULL
) ENGINE=InnoDB DEFAULT CHARSET=latin1 COLLATE=latin1_swedish_ci;

--
-- Dumping data for table `tblcompany`
--

INSERT INTO `tblcompany` (`COMPANYID`, `COMPANYNAME`, `COMPANYADDRESS`, `COMPANYCONTACTNO`, `COMPANYSTATUS`, `COMPANYMISSION`) VALUES
(2, 'URC', 'Bry Camugao', '023654', '', ''),
(3, 'Copreros', 'Alabel City', '035656', '', ''),
(4, 'Quest', 'Manolo fort Buk.', '23165', '', ''),
(6, 'Palacios Company', ' Iligan City', '0625656899', '', ''),
(7, 'IT Company', 'Cebu City', '04564123', '', ''),
(10, 'BankLife', 'CDO', '023654', '', '');

-- --------------------------------------------------------

--
-- Table structure for table `tblemployees`
--

CREATE TABLE `tblemployees` (
  `INCID` int(11) NOT NULL,
  `EMPLOYEEID` varchar(30) NOT NULL,
  `FNAME` varchar(50) NOT NULL,
  `LNAME` varchar(50) NOT NULL,
  `MNAME` varchar(50) NOT NULL,
  `ADDRESS` varchar(90) NOT NULL,
  `BIRTHDATE` date NOT NULL,
  `BIRTHPLACE` varchar(90) NOT NULL,
  `AGE` int(11) NOT NULL,
  `SEX` varchar(30) NOT NULL,
  `CIVILSTATUS` varchar(30) NOT NULL,
  `TELNO` varchar(40) NOT NULL,
  `EMP_EMAILADDRESS` varchar(90) NOT NULL,
  `CELLNO` varchar(30) NOT NULL,
  `POSITION` varchar(50) NOT NULL,
  `WORKSTATS` varchar(90) NOT NULL,
  `EMPPHOTO` varchar(255) NOT NULL,
  `EMPUSERNAME` varchar(90) NOT NULL,
  `EMPPASSWORD` varchar(125) NOT NULL,
  `DATEHIRED` date NOT NULL,
  `COMPANYID` int(11) NOT NULL
) ENGINE=InnoDB DEFAULT CHARSET=latin1 COLLATE=latin1_swedish_ci;

--
-- Dumping data for table `tblemployees`
--

INSERT INTO `tblemployees` (`INCID`, `EMPLOYEEID`, `FNAME`, `LNAME`, `MNAME`, `ADDRESS`, `BIRTHDATE`, `BIRTHPLACE`, `AGE`, `SEX`, `CIVILSTATUS`, `TELNO`, `EMP_EMAILADDRESS`, `CELLNO`, `POSITION`, `WORKSTATS`, `EMPPHOTO`, `EMPUSERNAME`, `EMPPASSWORD`, `DATEHIRED`, `COMPANYID`) VALUES
(76, '2018001', 'Chambe', 'Narciso', 'Captain', 'mabinay', '1992-01-23', 'Mabinay', 26, 'Male', 'Married', '032656', 'chambe@yahoo.com', '', 'Fuel Tender', '', '', '2018001', 'f3593fd40c55c33d1788309d4137e82f5eab0dea', '2018-05-23', 2);

-- --------------------------------------------------------

--
-- Table structure for table `tblfeedback`
--

CREATE TABLE `tblfeedback` (
  `FEEDBACKID` int(11) NOT NULL,
  `APPLICANTID` int(11) NOT NULL,
  `REGISTRATIONID` int(11) NOT NULL,
  `FEEDBACK` text NOT NULL
) ENGINE=InnoDB DEFAULT CHARSET=latin1 COLLATE=latin1_swedish_ci;

-- --------------------------------------------------------

--
-- Table structure for table `tbljob`
--

CREATE TABLE `tbljob` (
  `JOBID` int(11) NOT NULL,
  `COMPANYID` int(11) NOT NULL,
  `CATEGORY` varchar(250) NOT NULL,
  `OCCUPATIONTITLE` varchar(90) NOT NULL,
  `REQ_NO_EMPLOYEES` int(11) NOT NULL,
  `SALARIES` double NOT NULL,
  `DURATION_EMPLOYEMENT` varchar(90) NOT NULL,
  `QUALIFICATION_WORKEXPERIENCE` text NOT NULL,
  `JOBDESCRIPTION` text NOT NULL,
  `PREFEREDSEX` varchar(30) NOT NULL,
  `SECTOR_VACANCY` text NOT NULL,
  `JOBSTATUS` varchar(90) NOT NULL,
  `DATEPOSTED` datetime NOT NULL
) ENGINE=InnoDB DEFAULT CHARSET=latin1 COLLATE=latin1_swedish_ci;

--
-- Dumping data for table `tbljob`
--

INSERT INTO `tbljob` (`JOBID`, `COMPANYID`, `CATEGORY`, `OCCUPATIONTITLE`, `REQ_NO_EMPLOYEES`, `SALARIES`, `DURATION_EMPLOYEMENT`, `QUALIFICATION_WORKEXPERIENCE`, `JOBDESCRIPTION`, `PREFEREDSEX`, `SECTOR_VACANCY`, `JOBSTATUS`, `DATEPOSTED`) VALUES
(1, 2, 'Technology', 'ISD', 6, 15000, 'jan 30', 'Two year Experience', 'We are looking for bachelor of science in information technology.\r\nasdasdasd', 'Male/Female', 'yes', '', '2018-05-20 00:00:00'),
(2, 3, 'Technology', 'Accounting', 1, 15000, 'may 20', 'Two years Experience', 'We are looking for bachelor of science in Acountancy', 'Female', 'yes', '', '2018-05-20 02:33:00'),
(3, 7, 'IT', 'Software Developer', 5, 20000, '1 year', 'Bachelor’s degree in Computer Science with 2 years of experience', 'Develop and maintain software applications', 'Male/Female', 'yes', '', '2024-12-01 10:00:00'),
(5, 6, 'IT', 'System Administrator', 3, 18000, '6 months', 'Bachelor’s degree in IT, experience with network systems', 'Manage IT infrastructure and systems', 'Male/Female', 'yes', '', '2024-12-01 11:00:00'),
(7, 7, 'IT', 'Data Analyst', 2, 22000, '1 year', 'Bachelor’s degree in Data Science or related field', 'Analyze and interpret data for decision-making', 'Male/Female', 'yes', '', '2024-12-02 09:30:00'),
(9, 7, 'IT', 'Web Developer', 4, 19000, '2 years', 'Bachelor’s degree in Computer Science', 'Develop and maintain websites', 'Male/Female', 'yes', '', '2024-12-02 14:00:00'),
(10, 6, 'BPO', 'Customer Service Representative', 10, 15000, '6 months', 'Good communication skills', 'Handle customer inquiries and complaints', 'Male/Female', 'yes', '', '2024-12-06 08:00:00'),
(12, 6, 'BPO', 'Technical Support Specialist', 8, 16000, '1 year', 'Basic technical knowledge, good communication', 'Provide tech support for customers', 'Male/Female', 'yes', '', '2024-12-06 10:00:00'),
(13, 6, 'BPO', 'Sales Representative', 7, 17000, '1 year', 'Sales experience preferred', 'Promote and sell products/services', 'Male/Female', 'yes', '', '2024-12-07 09:00:00'),
(15, 4, 'BPO', 'Team Leader', 3, 20000, '2 years', 'Leadership experience in BPO', 'Supervise and manage a team of agents', 'Male/Female', 'yes', '', '2024-12-07 11:00:00'),
(17, 10, 'BPO', 'Trainer', 2, 18000, '1 year', 'Training experience in a BPO setting', 'Train and mentor new hires', 'Male/Female', 'yes', '', '2024-12-07 13:00:00'),
(19, 10, 'MANAGERIAL', 'Project Manager', 2, 20000, '1 year', 'Three years experience in management', 'We are looking for a skilled project manager with leadership skills.', 'Male/Female', 'yes', '', '2024-05-20 00:00:00'),
(21, 4, 'MANAGERIAL', 'Operations Manager', 1, 25000, '2 years', 'Five years experience in operations', 'Seeking an experienced operations manager to optimize company workflows.', 'Male', 'yes', '', '2024-06-15 09:30:00'),
(23, 10, 'MANAGERIAL', 'HR Manager', 1, 22000, '6 months', 'Two years experience in HR', 'Responsible for recruitment, employee relations, and policy implementation.', 'Female', 'yes', '', '2024-07-01 14:45:00'),
(25, 10, 'HR', 'Recruitment Specialist', 3, 18000, '1 year', 'Bachelor\'s degree in Human Resources or related field', 'Handle end-to-end recruitment processes.', 'Male/Female', 'yes', '', '2024-08-01 09:00:00'),
(27, 4, 'HR', 'Employee Relations Officer', 2, 19000, '2 years', 'Experience in managing employee relations', 'Manage and resolve workplace issues.', 'Male/Female', 'yes', '', '2024-09-15 10:00:00'),
(29, 10, 'HR', 'Training and Development Coordinator', 1, 20000, '3 years', 'Background in HR and training facilitation', 'Design and implement training programs.', 'Female', 'yes', '', '2024-10-01 14:45:00'),
(31, 4, 'SALES', 'Sales Executive', 5, 17000, '1 year', 'Bachelor\'s degree in Business or related field', 'Develop and implement sales strategies to achieve targets.', 'Male/Female', 'yes', '', '2024-11-01 10:00:00'),
(33, 2, 'SALES', 'Account Manager', 3, 20000, '2 years', 'Experience in managing client accounts', 'Build and maintain relationships with key clients.', 'Male/Female', 'yes', '', '2024-12-01 11:00:00'),
(35, 2, 'SALES', 'Sales Coordinator', 4, 18000, '1 year', 'Strong communication and organizational skills', 'Support the sales team with administrative tasks.', 'Female', 'yes', '', '2024-12-01 09:00:00'),
(37, 10, 'BANKING', 'Bank Teller', 4, 16000, '1 year', 'Bachelor\'s degree in Finance or related field', 'Handle customer transactions and provide banking services.', 'Male/Female', 'yes', '', '2024-02-01 10:00:00'),
(39, 10, 'BANKING', 'Loan Officer', 2, 20000, '2 years', 'Experience in loan processing and customer service', 'Assist customers with loan applications and approvals.', 'Male/Female', 'yes', '', '2024-03-01 11:30:00'),
(41, 10, 'BANKING', 'Branch Manager', 1, 30000, '5 years', 'Leadership experience in banking or finance', 'Oversee branch operations and ensure excellent customer service.', 'Male/Female', 'yes', '', '2024-04-01 09:00:00'),
(43, 10, 'FINANCE', 'Financial Analyst', 3, 22000, '2 years', 'Bachelor\'s degree in Finance or Accounting', 'Analyze financial data and provide strategic recommendations.', 'Male/Female', 'yes', '', '2024-05-01 09:00:00'),
(45, 2, 'FINANCE', 'Auditor', 2, 21000, '3 years', 'Experience in auditing and compliance', 'Conduct internal audits and ensure financial accuracy.', 'Male/Female', 'yes', '', '2024-06-01 10:00:00'),
(47, 48, 'FINANCE', 'Accountant', 4, 20000, '1 year', 'Background in Accounting or related field', 'Manage financial records and prepare reports.', 'Male/Female', 'yes', '', '2024-07-01 11:00:00');

-- --------------------------------------------------------

--
-- Table structure for table `tbljobregistration`
--

CREATE TABLE `tbljobregistration` (
  `REGISTRATIONID` int(11) NOT NULL,
  `COMPANYID` int(11) NOT NULL,
  `JOBID` int(11) NOT NULL,
  `APPLICANTID` int(11) NOT NULL,
  `APPLICANT` varchar(90) NOT NULL,
  `REGISTRATIONDATE` date NOT NULL,
  `REMARKS` varchar(255) NOT NULL DEFAULT 'Pending',
  `FILEID` varchar(30) DEFAULT NULL,
  `PENDINGAPPLICATION` tinyint(1) NOT NULL DEFAULT 1,
  `HVIEW` tinyint(1) NOT NULL DEFAULT 1,
  `DATETIMEAPPROVED` datetime NOT NULL
) ENGINE=InnoDB DEFAULT CHARSET=latin1 COLLATE=latin1_swedish_ci;

--
-- Dumping data for table `tbljobregistration`
--

INSERT INTO `tbljobregistration` (`REGISTRATIONID`, `COMPANYID`, `JOBID`, `APPLICANTID`, `APPLICANT`, `REGISTRATIONDATE`, `REMARKS`, `FILEID`, `PENDINGAPPLICATION`, `HVIEW`, `DATETIMEAPPROVED`) VALUES
(1, 2, 2, 2018013, 'Kim Domingo', '2018-05-27', 'Ive seen your work and its really interesting', '2147483647', 0, 1, '2018-05-26 16:13:01'),
(2, 2, 2, 2018015, 'Janry Tan', '2018-05-26', 'aasd', '2147483647', 0, 0, '2018-05-28 14:14:45');

-- --------------------------------------------------------

--
-- Table structure for table `tblusers`
--

CREATE TABLE `tblusers` (
  `USERID` varchar(30) NOT NULL,
  `FULLNAME` varchar(40) NOT NULL,
  `USERNAME` varchar(90) NOT NULL,
  `PASS` varchar(90) NOT NULL,
  `ROLE` varchar(30) NOT NULL,
  `PICLOCATION` varchar(255) NOT NULL
) ENGINE=InnoDB DEFAULT CHARSET=latin1 COLLATE=latin1_swedish_ci;

--
-- Dumping data for table `tblusers`
--

INSERT INTO `tblusers` (`USERID`, `FULLNAME`, `USERNAME`, `PASS`, `ROLE`, `PICLOCATION`) VALUES
('00018', 'Campcodes', 'admin', 'd033e22ae348aeb5660fc2140aec35850c4da997', 'Administrator', 'photos/Koala.jpg'),
('2018001', 'Chambe Narciso', 'Narciso', 'f3593fd40c55c33d1788309d4137e82f5eab0dea', 'Employee', '');

--
-- Indexes for dumped tables
--

--
-- Indexes for table `tblapplicants`
--
ALTER TABLE `tblapplicants`
  ADD PRIMARY KEY (`APPLICANTID`);

--
-- Indexes for table `tblattachmentfile`
--
ALTER TABLE `tblattachmentfile`
  ADD PRIMARY KEY (`ID`);

--
-- Indexes for table `tblautonumbers`
--
ALTER TABLE `tblautonumbers`
  ADD PRIMARY KEY (`AUTOID`);

--
-- Indexes for table `tblcategory`
--
ALTER TABLE `tblcategory`
  ADD PRIMARY KEY (`CATEGORYID`);

--
-- Indexes for table `tblcompany`
--
ALTER TABLE `tblcompany`
  ADD PRIMARY KEY (`COMPANYID`);

--
-- Indexes for table `tblemployees`
--
ALTER TABLE `tblemployees`
  ADD PRIMARY KEY (`INCID`),
  ADD UNIQUE KEY `EMPLOYEEID` (`EMPLOYEEID`);

--
-- Indexes for table `tblfeedback`
--
ALTER TABLE `tblfeedback`
  ADD PRIMARY KEY (`FEEDBACKID`);

--
-- Indexes for table `tbljob`
--
ALTER TABLE `tbljob`
  ADD PRIMARY KEY (`JOBID`);

--
-- Indexes for table `tbljobregistration`
--
ALTER TABLE `tbljobregistration`
  ADD PRIMARY KEY (`REGISTRATIONID`);

--
-- Indexes for table `tblusers`
--
ALTER TABLE `tblusers`
  ADD PRIMARY KEY (`USERID`);

--
-- AUTO_INCREMENT for dumped tables
--

--
-- AUTO_INCREMENT for table `tblapplicants`
--
ALTER TABLE `tblapplicants`
  MODIFY `APPLICANTID` int(11) NOT NULL AUTO_INCREMENT, AUTO_INCREMENT=2018016;

--
-- AUTO_INCREMENT for table `tblattachmentfile`
--
ALTER TABLE `tblattachmentfile`
  MODIFY `ID` int(11) NOT NULL AUTO_INCREMENT, AUTO_INCREMENT=3;

--
-- AUTO_INCREMENT for table `tblautonumbers`
--
ALTER TABLE `tblautonumbers`
  MODIFY `AUTOID` int(11) NOT NULL AUTO_INCREMENT, AUTO_INCREMENT=5;

--
-- AUTO_INCREMENT for table `tblcategory`
--
ALTER TABLE `tblcategory`
  MODIFY `CATEGORYID` int(11) NOT NULL AUTO_INCREMENT, AUTO_INCREMENT=29;

--
-- AUTO_INCREMENT for table `tblcompany`
--
ALTER TABLE `tblcompany`
  MODIFY `COMPANYID` int(11) NOT NULL AUTO_INCREMENT, AUTO_INCREMENT=11;

--
-- AUTO_INCREMENT for table `tblemployees`
--
ALTER TABLE `tblemployees`
  MODIFY `INCID` int(11) NOT NULL AUTO_INCREMENT, AUTO_INCREMENT=77;

--
-- AUTO_INCREMENT for table `tblfeedback`
--
ALTER TABLE `tblfeedback`
  MODIFY `FEEDBACKID` int(11) NOT NULL AUTO_INCREMENT, AUTO_INCREMENT=2;

--
-- AUTO_INCREMENT for table `tbljob`
--
ALTER TABLE `tbljob`
  MODIFY `JOBID` int(11) NOT NULL AUTO_INCREMENT, AUTO_INCREMENT=48;

--
-- AUTO_INCREMENT for table `tbljobregistration`
--
ALTER TABLE `tbljobregistration`
  MODIFY `REGISTRATIONID` int(11) NOT NULL AUTO_INCREMENT, AUTO_INCREMENT=3;
COMMIT;

/*!40101 SET CHARACTER_SET_CLIENT=@OLD_CHARACTER_SET_CLIENT */;
/*!40101 SET CHARACTER_SET_RESULTS=@OLD_CHARACTER_SET_RESULTS */;
/*!40101 SET COLLATION_CONNECTION=@OLD_COLLATION_CONNECTION */;
